side,wins,total_games,winrate
Blue,4192,7827,0.5355819598824582
Red,3634,7827,0.4642902772454325
